<code_scheme name="Default" version="173">
  <option name="WRAP_WHEN_TYPING_REACHES_RIGHT_MARGIN" value="true" />
  <JSON>
    <option name="KEEP_TRAILING_COMMA" value="true" />
    <option name="PROPERTY_ALIGNMENT" value="2" />
  </JSON>
  <Python>
    <option name="USE_CONTINUATION_INDENT_FOR_ARGUMENTS" value="true" />
    <option name="USE_CONTINUATION_INDENT_FOR_COLLECTION_AND_COMPREHENSIONS" value="true" />
  </Python>
  <codeStyleSettings language="JSON">
    <option name="WRAP_ON_TYPING" value="0" />
  </codeStyleSettings>
  <codeStyleSettings language="Python">
    <indentOptions>
      <option name="USE_TAB_CHARACTER" value="true" />
      <option name="SMART_TABS" value="true" />
    </indentOptions>
  </codeStyleSettings>
</code_scheme>