<application>
  <component name="FileTypeManager" version="17">
    <ignoreFiles list="*$py.class;*.hprof;*.pyc;*.pyo;*.rbc;*.yarb;*~;.DS_Store;.git;.hg;.svn;CVS;__pycache__;_svn;vssver.scc;vssver2.scc;" />
    <extensionMap>
      <mapping pattern="test" type="PLAIN_TEXT" />
      <mapping pattern="asd" type="PLAIN_TEXT" />
      <mapping pattern="curl" type="PLAIN_TEXT" />
      <mapping pattern="Procfile" type="PLAIN_TEXT" />
      <mapping pattern="credentials" type="PLAIN_TEXT" />
      <mapping pattern="Main" type="Python" />
    </extensionMap>
  </component>
</application>