<application>
  <component name="ProjectJdkTable">
    <jdk version="2">
      <name value="Python 3.7 (aibolit)" />
      <type value="Python SDK" />
      <version value="Python 3.7.4" />
      <homePath value="$USER_HOME$/.pyenv/versions/aibolit/bin/python" />
      <roots>
        <classPath>
          <root type="composite">
            <root url="file://$USER_HOME$/.pyenv/versions/3.7.4/lib/python3.7" type="simple" />
            <root url="file://$USER_HOME$/.pyenv/versions/3.7.4/lib/python3.7/lib-dynload" type="simple" />
            <root url="file://$USER_HOME$/.pyenv/versions/aibolit/lib/python3.7/site-packages" type="simple" />
            <root url="file://$USER_HOME$/Library/Caches/JetBrains/PyCharmCE2020.1/python_stubs/670592806" type="simple" />
            <root url="file://$APPLICATION_HOME_DIR$/plugins/python-ce/helpers/python-skeletons" type="simple" />
            <root url="file://$APPLICATION_HOME_DIR$/plugins/python-ce/helpers/typeshed/stdlib/3.7" type="simple" />
            <root url="file://$APPLICATION_HOME_DIR$/plugins/python-ce/helpers/typeshed/stdlib/3" type="simple" />
            <root url="file://$APPLICATION_HOME_DIR$/plugins/python-ce/helpers/typeshed/stdlib/2and3" type="simple" />
            <root url="file://$APPLICATION_HOME_DIR$/plugins/python-ce/helpers/typeshed/third_party/3" type="simple" />
            <root url="file://$APPLICATION_HOME_DIR$/plugins/python-ce/helpers/typeshed/third_party/2and3" type="simple" />
          </root>
        </classPath>
        <sourcePath>
          <root type="composite" />
        </sourcePath>
      </roots>
      <additional ASSOCIATED_PROJECT_PATH="$USER_HOME$/PycharmProjects" />
    </jdk>
    <jdk version="2">
      <name value="Python 3.7" />
      <type value="Python SDK" />
      <version value="Python 3.7.6" />
      <homePath value="/usr/local/bin/python3.7" />
      <roots>
        <classPath>
          <root type="composite">
            <root url="file:///usr/local/Cellar/python/3.7.6_1/Frameworks/Python.framework/Versions/3.7/lib/python3.7" type="simple" />
            <root url="file:///usr/local/Cellar/python/3.7.6_1/Frameworks/Python.framework/Versions/3.7/lib/python3.7/lib-dynload" type="simple" />
            <root url="file://$USER_HOME$/Library/Python/3.7/lib/python/site-packages" type="simple" />
            <root url="file:///usr/local/lib/python3.7/site-packages" type="simple" />
            <root url="file://$USER_HOME$/Library/Caches/JetBrains/PyCharmCE2020.1/python_stubs/-1199943126" type="simple" />
            <root url="file://$APPLICATION_HOME_DIR$/plugins/python-ce/helpers/python-skeletons" type="simple" />
            <root url="file://$APPLICATION_HOME_DIR$/plugins/python-ce/helpers/typeshed/stdlib/3.7" type="simple" />
            <root url="file://$APPLICATION_HOME_DIR$/plugins/python-ce/helpers/typeshed/stdlib/3" type="simple" />
            <root url="file://$APPLICATION_HOME_DIR$/plugins/python-ce/helpers/typeshed/stdlib/2and3" type="simple" />
            <root url="file://$APPLICATION_HOME_DIR$/plugins/python-ce/helpers/typeshed/third_party/3" type="simple" />
            <root url="file://$APPLICATION_HOME_DIR$/plugins/python-ce/helpers/typeshed/third_party/2and3" type="simple" />
          </root>
        </classPath>
        <sourcePath>
          <root type="composite" />
        </sourcePath>
      </roots>
      <additional />
    </jdk>
    <jdk version="2">
      <name value="Python 3.6 (HCIA)" />
      <type value="Python SDK" />
      <version value="Python 3.6.10" />
      <homePath value="$USER_HOME$/.conda/envs/HCIA/bin/python" />
      <roots>
        <classPath>
          <root type="composite">
            <root url="file://$USER_HOME$/.conda/envs/HCIA/lib/python3.6" type="simple" />
            <root url="file://$USER_HOME$/.conda/envs/HCIA/lib/python3.6/lib-dynload" type="simple" />
            <root url="file://$USER_HOME$/.conda/envs/HCIA/lib/python3.6/site-packages" type="simple" />
            <root url="file://$USER_HOME$/Library/Caches/PyCharmCE2019.3/python_stubs/1178808027" type="simple" />
            <root url="file://$APPLICATION_HOME_DIR$/plugins/python-ce/helpers/python-skeletons" type="simple" />
            <root url="file://$APPLICATION_HOME_DIR$/plugins/python-ce/helpers/typeshed/stdlib/3" type="simple" />
            <root url="file://$APPLICATION_HOME_DIR$/plugins/python-ce/helpers/typeshed/stdlib/2and3" type="simple" />
            <root url="file://$APPLICATION_HOME_DIR$/plugins/python-ce/helpers/typeshed/third_party/3" type="simple" />
            <root url="file://$APPLICATION_HOME_DIR$/plugins/python-ce/helpers/typeshed/third_party/2and3" type="simple" />
          </root>
        </classPath>
        <sourcePath>
          <root type="composite" />
        </sourcePath>
      </roots>
      <additional ASSOCIATED_PROJECT_PATH="$USER_HOME$/PycharmProjects/HCIA" />
    </jdk>
    <jdk version="2">
      <name value="Python 3.7 (discord)" />
      <type value="Python SDK" />
      <version value="Python 3.7.6" />
      <homePath value="$USER_HOME$/.pyenv/versions/discord/bin/python" />
      <roots>
        <classPath>
          <root type="composite">
            <root url="file://$USER_HOME$/.pyenv/versions/discord/lib/python3.7" type="simple" />
            <root url="file://$USER_HOME$/.pyenv/versions/discord/lib/python3.7/lib-dynload" type="simple" />
            <root url="file:///usr/local/Cellar/python/3.7.6_1/Frameworks/Python.framework/Versions/3.7/lib/python3.7" type="simple" />
            <root url="file://$USER_HOME$/.pyenv/versions/discord/lib/python3.7/site-packages" type="simple" />
            <root url="file://$USER_HOME$/Library/Caches/JetBrains/PyCharmCE2020.1/python_stubs/-953215044" type="simple" />
            <root url="file://$APPLICATION_HOME_DIR$/plugins/python-ce/helpers/python-skeletons" type="simple" />
            <root url="file://$APPLICATION_HOME_DIR$/plugins/python-ce/helpers/typeshed/stdlib/3.7" type="simple" />
            <root url="file://$APPLICATION_HOME_DIR$/plugins/python-ce/helpers/typeshed/stdlib/3" type="simple" />
            <root url="file://$APPLICATION_HOME_DIR$/plugins/python-ce/helpers/typeshed/stdlib/2and3" type="simple" />
            <root url="file://$APPLICATION_HOME_DIR$/plugins/python-ce/helpers/typeshed/third_party/3" type="simple" />
            <root url="file://$APPLICATION_HOME_DIR$/plugins/python-ce/helpers/typeshed/third_party/2and3" type="simple" />
          </root>
        </classPath>
        <sourcePath>
          <root type="composite" />
        </sourcePath>
      </roots>
      <additional ASSOCIATED_PROJECT_PATH="$USER_HOME$/discord" />
    </jdk>
    <jdk version="2">
      <name value="Python 3.7 (fb)" />
      <type value="Python SDK" />
      <version value="Python 3.7.6" />
      <homePath value="$USER_HOME$/.pyenv/versions/fb/bin/python" />
      <roots>
        <classPath>
          <root type="composite">
            <root url="file://$USER_HOME$/.pyenv/versions/fb/lib/python3.7" type="simple" />
            <root url="file://$USER_HOME$/.pyenv/versions/fb/lib/python3.7/lib-dynload" type="simple" />
            <root url="file:///usr/local/Cellar/python/3.7.6_1/Frameworks/Python.framework/Versions/3.7/lib/python3.7" type="simple" />
            <root url="file://$USER_HOME$/.pyenv/versions/fb/lib/python3.7/site-packages" type="simple" />
            <root url="file://$USER_HOME$/Library/Caches/JetBrains/PyCharmCE2020.1/python_stubs/-144808734" type="simple" />
            <root url="file://$APPLICATION_HOME_DIR$/plugins/python-ce/helpers/python-skeletons" type="simple" />
            <root url="file://$APPLICATION_HOME_DIR$/plugins/python-ce/helpers/typeshed/stdlib/3.7" type="simple" />
            <root url="file://$APPLICATION_HOME_DIR$/plugins/python-ce/helpers/typeshed/stdlib/3" type="simple" />
            <root url="file://$APPLICATION_HOME_DIR$/plugins/python-ce/helpers/typeshed/stdlib/2and3" type="simple" />
            <root url="file://$APPLICATION_HOME_DIR$/plugins/python-ce/helpers/typeshed/third_party/3" type="simple" />
            <root url="file://$APPLICATION_HOME_DIR$/plugins/python-ce/helpers/typeshed/third_party/2and3" type="simple" />
          </root>
        </classPath>
        <sourcePath>
          <root type="composite" />
        </sourcePath>
      </roots>
      <additional ASSOCIATED_PROJECT_PATH="$USER_HOME$/PycharmProjects/fb_bot" />
    </jdk>
  </component>
</application>