<application>
  <component name="MaterialThemeConfig">
    <option name="compactMenus" value="true" />
    <option name="compactStatusBar" value="true" />
    <option name="compactTables" value="true" />
    <option name="highContrast" value="true" />
    <option name="compactDropdowns" value="true" />
    <option name="compactSidebar" value="true" />
    <option name="isCompactMenus" value="true" />
    <option name="isCompactStatusBar" value="true" />
    <option name="isCompactTables" value="true" />
    <option name="isHighContrast" value="true" />
    <option name="isWizardShown" value="true" />
    <option name="pristineConfig" value="false" />
    <option name="treeFontSizeEnabled" value="true" />
    <option name="tabFontSizeEnabled" value="true" />
    <option name="upperCaseTabs" value="true" />
    <option name="useMaterialFont2" value="true" />
    <option name="useMaterialWallpapers" value="true" />
    <option name="treeFontSize" value="14" />
    <option name="rightTreeIndent" value="6" />
    <option name="settingsSelectedTab" value="5" />
    <option name="tabsHeight" value="30" />
    <option name="accentColor" value="ab47bc" />
    <option name="selectedTheme" value="PALENIGHT" />
    <option name="userId" value="3cf92ad8:17162e16f7c:-8000" />
    <option name="version" value="5.2.0" />
  </component>
</application>