<profile version="1.0">
  <option name="myName" value="Default" />
  <inspection_tool class="InconsistentLineSeparators" enabled="true" level="WARNING" enabled_by_default="true" />
  <inspection_tool class="LongLine" enabled="true" level="WARNING" enabled_by_default="true" />
  <inspection_tool class="ProblematicWhitespace" enabled="true" level="WARNING" enabled_by_default="true" />
  <inspection_tool class="PyMandatoryEncodingInspection" enabled="true" level="WARNING" enabled_by_default="true" />
  <inspection_tool class="PyMissingOrEmptyDocstringInspection" enabled="true" level="WEAK WARNING" enabled_by_default="true" />
  <inspection_tool class="PyMissingTypeHintsInspection" enabled="true" level="WEAK WARNING" enabled_by_default="true" />
  <inspection_tool class="PyPackageRequirementsInspection" enabled="true" level="WARNING" enabled_by_default="true">
    <option name="ignoredPackages">
      <value>
        <list size="1">
          <item index="0" class="java.lang.String" itemvalue="mypy" />
        </list>
      </value>
    </option>
  </inspection_tool>
  <inspection_tool class="PyPep8NamingInspection" enabled="true" level="WEAK WARNING" enabled_by_default="true">
    <option name="ignoredErrors">
      <list>
        <option value="N803" />
      </list>
    </option>
  </inspection_tool>
  <inspection_tool class="UnusedDefine" enabled="true" level="WARNING" enabled_by_default="true" />
</profile>